source,target,edge_count
2Pac,Big Pun,2
2Pac,Big Syke,18
2Pac,Bizzy Bone,2
2Pac,Candy Hill,2
2Pac,C‐Bo,3
2Pac,DJ King Assassin,6
2Pac,DJ Premier,47
2Pac,DJ Quik,2
2Pac,DMX,4
2Pac,Danny Boy,4
2Pac,Daz Dillinger,3
2Pac,Dr. Dre,10
2Pac,Dru Down,3
2Pac,E.D.I. Mean,6
2Pac,Eminem,3
2Pac,Eric Williams,3
2Pac,E‐40,2
2Pac,Force One Network,3
2Pac,Funky Aztecs,2
2Pac,Hussein Fatal,2
2Pac,Inspectah Deck,2
2Pac,Jadakiss,3
2Pac,Jazze Pha,4
2Pac,Jewell,2
2Pac,Jodeci,2
2Pac,Kastro,5
2Pac,Kurupt,6
2Pac,Kyle Rifkin,2
2Pac,K‐Ci & JoJo,5
2Pac,Method Man,4
2Pac,Mopreme Shakur,6
2Pac,Napoleon,6
2Pac,Nas,4
2Pac,Nate Dogg,12
2Pac,Nutt‐So,4
2Pac,Outlawz,84
2Pac,Rappin’ 4‐Tay,2
2Pac,Redman,2
2Pac,Richie Rich,7
2Pac,Riddler,2
2Pac,Roger Troutman,8
2Pac,Ronald Isley,3
2Pac,Snoop Dogg,16
2Pac,Spice 1,3
2Pac,Storm,8
2Pac,Stretch,5
2Pac,Tha Dogg Pound,4
2Pac,The Down Ass Niggas,5
2Pac,The Notorious B.I.G.,18
2Pac,Treach,2
2Pac,Triple Platinum,2
2Pac,Val Young,4
2Pac,Xzibit,3
2Pac,Yaki Kadafi,7
2Pac,Young Noble,7
50 Cent,2 Chainz,2
50 Cent,2Pac,4
50 Cent,Boosie Badazz,3
50 Cent,Brooklyn,3
50 Cent,Chris Brown,5
50 Cent,Destiny’s Child,4
50 Cent,Eminem,12
50 Cent,G‐Unit,31
50 Cent,Jadakiss,2
50 Cent,Jeremih,3
50 Cent,Justin Timberlake,2
50 Cent,Kidd Kidd,6
50 Cent,Lil’ Kim,2
50 Cent,Lloyd Banks,17
50 Cent,Mobb Deep,4
50 Cent,N.O.R.E.,3
50 Cent,Nas,4
50 Cent,Nate Dogg,4
50 Cent,Ne‐Yo,6
50 Cent,Olivia,4
50 Cent,Prodigy,3
50 Cent,Snoop Dogg,5
50 Cent,Sonny Digital,2
50 Cent,Spider Loc,3
50 Cent,The Madd Rapper,2
50 Cent,The Notorious B.I.G.,5
50 Cent,Timbaland,2
50 Cent,Tony Yayo,13
50 Cent,Troy Ave,2
50 Cent,Young Buck,12
AV,Kurupt,2
AZ,Nas,2
Abel the Kid,"Julio Iglesias, Jr.",4
Abel the Kid,Snoop Dogg,4
Adam F,Redman,3
Alpha Dream,Ne‐Yo,5
Alpha Dream,Snoop Dogg,5
Alyssa Reid,Snoop Dogg,12
Another Level,JAY‐Z,2
Arabian Prince,The Sheiks,3
Armand van Helden,Common,2
Aygün Kazımova,Snoop Dogg,12
A‐Roma,Orru Jackson,2
A‐Roma,Snoop Dogg,2
BADBADNOTGOOD,KAYTRANADA,2
BADBADNOTGOOD,Snoop Dogg,3
Bad Azz,Kokane,2
Bad Azz,Snoop Dogg,2
Barrington Levy,Mims,2
Barrington Levy,Snoop Dogg,2
Belly,Snoop Dogg,2
Beyoncé,JAY‐Z,2
Big Time Rush,Snoop Dogg,2
Bigg B,Jadakiss,13
Bilal,Dr. Dre,2
Bilal,Jadakiss,2
Black Rob,Diddy,2
Black Star,Common,2
Blackstreet,Dr. Dre,6
Blu,Common,13
Blu,David Begun,13
Blu,MED,2
Bobby Jimmy,The Critters,2
Cam’ron,Jim Jones,2
Cam’ron,Kanye West,8
Cam’ron,Twista,2
Cardi B,Kanye West,2
Cardi B,Lil Durk,2
Charlotte Devaney,Snoop Dogg,10
Chico DeBarge,Erick Sermon,2
Chico DeBarge,Redman,2
Chingy,Ludacris,3
Chingy,Snoop Dogg,3
Common,BJ the Chicago Kid,4
Common,Bilal,13
Common,Black Thought,5
Common,Brand Nubian,2
Common,CeeLo Green,4
Common,DJ Honda,2
Common,De La Soul,4
Common,Erykah Badu,9
Common,J Dilla,12
Common,Jill Scott,5
Common,John Legend,3
Common,Juice,2
Common,Lauryn Hill,2
Common,Lonnie Lynn,3
Common,Macy Gray,5
Common,Mary J. Blige,8
Common,Mos Def,4
Common,O-Type Star,2
Common,Omar,2
Common,PJ,11
Common,Pharoahe Monch,2
Common,Pharrell Williams,5
Common,Q‐Tip,7
Common,Rahzel,2
Common,Roy Hargrove,2
Common,Sadat X,3
Common,Samora Pinderhughes,3
Common,Saukrates,3
Common,Syd,2
Common,Talib Kweli,3
Common,The Beatnuts,2
Common,The Last Poets,5
Common,The Roots,2
Common,Vinia Mojica,3
Common,Y-Not,2
Cue,Adassa,2
Cue,Snoop Dogg,2
D.B.A.,Kurupt,5
D.B.A.,WC,5
DJ Drama,Daz Dillinger,20
DJ Drama,Kurupt,20
DJ Honda,Mos Def,6
DJ Khaled,Beyoncé,11
DJ Khaled,JAY‐Z,11
DJ Khaled,Rick Ross,3
DJ Khaled,T‐Pain,2
DJ Quik,Kurupt,13
DJ Quik,Problem,2
DJ Tomekk,G-Style,3
DJ Tomekk,Kurupt,3
DJ Tomekk,Tatwaffe,3
DMX,Ja Rule,3
DMX,Method Man,3
DMX,Nas,3
DZ,Kurupt,3
Da Bush Babees,Mos Def,7
Damian Marley,Nas,3
Damon Dash,Beanie Sigel,2
Damon Dash,Cam’ron,2
Damon Dash,Kanye West,2
Damon Dash,Twista,2
Damon Dash,Young Chris,2
Das EFX,Redman,4
Daz Dillinger,3tre tha Hardway,3
Daz Dillinger,Bad Azz,5
Daz Dillinger,Big Pimpin’ DeLemond,2
Daz Dillinger,Big Tray Deee,6
Daz Dillinger,Bigg Baby,2
Daz Dillinger,Crystal,6
Daz Dillinger,C‐Bo,2
Daz Dillinger,C‐Murder,2
Daz Dillinger,DNA,2
Daz Dillinger,Do Boy,2
Daz Dillinger,Do'Boy,2
Daz Dillinger,Doggy’s Angels,2
Daz Dillinger,E.D.I. Mean,2
Daz Dillinger,E‐40,3
Daz Dillinger,E‐White,2
Daz Dillinger,Goldie Loc,2
Daz Dillinger,Heltah Skeltah,2
Daz Dillinger,JT the Bigga Figga,23
Daz Dillinger,Jagged Edge,2
Daz Dillinger,Jayo Felony,2
Daz Dillinger,J‐Ro,3
Daz Dillinger,Keak da Sneak,2
Daz Dillinger,Killa Tay,2
Daz Dillinger,Kurupt,31
Daz Dillinger,Lil’ C‐Style,4
Daz Dillinger,Lucc Lucciano,2
Daz Dillinger,MC Eiht,2
Daz Dillinger,Mac Shawn,2
Daz Dillinger,Mz. Maya,2
Daz Dillinger,Nate Dogg,4
Daz Dillinger,P.F.N.,2
Daz Dillinger,Prince Ital Joe,2
Daz Dillinger,Rick Ross,2
Daz Dillinger,Roscoe,2
Daz Dillinger,San Quinn,5
Daz Dillinger,Scarface,2
Daz Dillinger,Sean T,2
Daz Dillinger,Sftp,2
Daz Dillinger,Shelly,2
Daz Dillinger,Shon Lawon,2
Daz Dillinger,Shon-Don,7
Daz Dillinger,Snoop Dogg,32
Daz Dillinger,Soopafly,17
Daz Dillinger,Spice 1,2
Daz Dillinger,Storm,2
Daz Dillinger,Telly Mac,5
Daz Dillinger,Tha Dogg Pound,3
Daz Dillinger,Tha Gamblaz,7
Daz Dillinger,Tha Infamous Lil' Larry,3
Daz Dillinger,Too $hort,5
Daz Dillinger,Tray Dee,3
Daz Dillinger,Uncle Reo,2
Daz Dillinger,Val Young,2
Daz Dillinger,WC,2
Daz Dillinger,Whiteboy Ryan,2
Daz Dillinger,Yukmouth,3
De La Soul,Mos Def,2
De La Soul,Redman,3
Del the Funky Homosapien,Wu‐Tang Clan,2
Diddy,112,2
Diddy,Beanie Sigel,2
Diddy,Big Azz Ko,2
Diddy,Black Rob,10
Diddy,Carl Thomas,2
Diddy,Cheri Dennis,2
Diddy,Chuck D,2
Diddy,Faith Evans,4
Diddy,Felix da Housecat,2
Diddy,French Montana,3
Diddy,G. Dep,4
Diddy,Gizzle,2
Diddy,Hurricane G,10
Diddy,JAY‐Z,4
Diddy,Jimmy Page,9
Diddy,Kain,2
Diddy,Kelly Price,2
Diddy,King Los,2
Diddy,Lil’ Kim,10
Diddy,Loon,9
Diddy,Mario Winans,6
Diddy,Mark Curry,11
Diddy,Mase,16
Diddy,Nas,4
Diddy,R. Kelly,3
Diddy,Shyne,2
Diddy,Styles P,2
Diddy,The Bad Boy Family,2
Diddy,The LOX,2
Diddy,The Neptunes,4
Diddy,The Notorious B.I.G.,6
Diddy,Usher,3
Dilated Peoples,Kanye West,3
Docka,Snoop Dogg,3
Dog Eat Dog,RZA,4
Dr. Dre,50 Cent,4
Dr. Dre,Akon,3
Dr. Dre,Busta Rhymes,3
Dr. Dre,Devin the Dude,2
Dr. Dre,Eddie Griffin,2
Dr. Dre,Eminem,9
Dr. Dre,Hittman,10
Dr. Dre,Ice Cube,7
Dr. Dre,JAY‐Z,4
Dr. Dre,King T,4
Dr. Dre,Knoc‐Turn’Al,3
Dr. Dre,Kurupt,4
Dr. Dre,LL Cool J,7
Dr. Dre,Lonzo,18
Dr. Dre,Mary J. Blige,3
Dr. Dre,Ms. Roq,3
Dr. Dre,N.W.A,2
Dr. Dre,Nate Dogg,6
Dr. Dre,Rell,2
Dr. Dre,Royce da 5′9″,2
Dr. Dre,Six-2,4
Dr. Dre,Snoop Dogg,27
Dr. Dre,Stat Quo,5
Dr. Dre,Tha Dogg Pound,2
Dr. Dre,The Game,6
Dr. Dre,World Class Wreckin’ Cru,22
Dr. Dre,Xzibit,3
E-LITE,Shun Ward,2
E-LITE,Snoop Dogg,2
E-LITE,T‐Pain,2
Eazy‐E,Ron-De-Vu,2
Eminem,50 Cent,12
Eminem,D12,2
Eminem,Dr. Dre,19
Eminem,Mr. Porter,3
Erykah Badu,Common,3
Estelle,Kanye West,6
Fabolous,Dave East,2
Fabolous,Future,2
Fabolous,Jadakiss,10
Fabolous,Snoop Dogg,2
Fabolous,Swizz Beatz,2
Faith Evans,Carl Thomas,2
Faith Evans,Mama Wallace,3
Faith Evans,Snoop Dogg,2
Faith Evans,The Notorious B.I.G.,27
Fat Joe,French Montana,2
Fat Joe,Infa‐Red,2
Fat Joe,Raekwon,2
Fat Joe,Remy Ma,2
Froggy Mix,Snoop Dogg,5
G. Dep,Loon,2
GZA/Genius,D’Angelo,2
GZA/Genius,Inspectah Deck,2
Genaside II,Othorized F.A.M.,2
Ghostface Killah,Cappadonna,2
Ghostface Killah,RZA,2
Ghostface Killah,Raekwon,4
Ghostface Killah,Trife Diesel,2
Ghostface Killah,Wigs,2
Grandmaster Flash,Lynn Carter,7
Grandmaster Flash,Red Café,7
Grandmaster Flash,Snoop Dogg,7
Guy Gerber,Diddy,15
G‐Unit,50 Cent,8
Hardwell,Conor Maynard,2
Hardwell,Snoop Dogg,2
Hevehitta,50 Cent,41
Hevehitta,DJ Unexpected,41
Hevehitta,MKW,41
Hi‐Tek,Jadakiss,2
Hi‐Tek,Papoose,2
Hi‐Tek,Raekwon,2
Hi‐Tek,Talib Kweli,4
Infa-Red & Cross,Drag‐On,2
Inspectah Deck,Street Life,2
Inspectah Deck,U‐God,2
J Dilla,JAY‐Z,12
JAY‐Z,50 Cent,2
JAY‐Z,Alicia Keys,3
JAY‐Z,Amil,10
JAY‐Z,Babyface,5
JAY‐Z,Beanie Sigel,15
JAY‐Z,Beyoncé,6
JAY‐Z,Blackstreet,3
JAY‐Z,DJ Green Lantern,7
JAY‐Z,DMX,2
JAY‐Z,Diddy,2
JAY‐Z,Dr. Dre,4
JAY‐Z,Eminem,6
JAY‐Z,Foxy Brown,15
JAY‐Z,Frank Ocean,4
JAY‐Z,Freeway,3
JAY‐Z,Gwen Dickey,5
JAY‐Z,Ja Rule,6
JAY‐Z,Jaz‐O,2
JAY‐Z,Jeezy,5
JAY‐Z,Kanye West,31
JAY‐Z,Kid Capri,2
JAY‐Z,Lil Wayne,4
JAY‐Z,Lil’ Kim,2
JAY‐Z,Linkin Park,22
JAY‐Z,Mariah Carey,2
JAY‐Z,Marvin Gaye,15
JAY‐Z,Mary J. Blige,5
JAY‐Z,Max Tannone,10
JAY‐Z,Memphis Bleek,22
JAY‐Z,Missy Elliott,2
JAY‐Z,Mr Hudson,2
JAY‐Z,Nas,2
JAY‐Z,Nirvana,9
JAY‐Z,Pharrell Williams,4
JAY‐Z,R. Kelly,2
JAY‐Z,Radiohead,10
JAY‐Z,Rick Ross,2
JAY‐Z,Rihanna,5
JAY‐Z,Santigold,3
JAY‐Z,Sauce Money,4
JAY‐Z,Scarface,3
JAY‐Z,Snoop Dogg,2
JAY‐Z,T.I.,2
JAY‐Z,The Game,15
JAY‐Z,The LOX,2
JAY‐Z,The Notorious B.I.G.,4
JAY‐Z,Too $hort,2
JAY‐Z,Twista,4
JAY‐Z,UGK,2
JAY‐Z,Young Chris,2
JAY‐Z,Young Gunz,2
JT the Bigga Figga,Cozmo,2
JT the Bigga Figga,Devo,2
Jadakiss,2 Chainz,2
Jadakiss,Anthony Hamilton,2
Jadakiss,Beanie Sigel,3
Jadakiss,Bully,2
Jadakiss,Chayse,2
Jadakiss,Emanny,2
Jadakiss,Fabolous,3
Jadakiss,French Montana,2
Jadakiss,Future,2
Jadakiss,Jeezy,4
Jadakiss,Lil Wayne,2
Jadakiss,Mary J. Blige,2
Jadakiss,Meek Mill,2
Jadakiss,Nas,5
Jadakiss,Nate Dogg,2
Jadakiss,Ne‐Yo,2
Jadakiss,Nino Man,2
Jadakiss,Parle,2
Jadakiss,Pharrell Williams,2
Jadakiss,Rick Ross,2
Jadakiss,Sheek Louch,19
Jadakiss,Snoop Dogg,2
Jadakiss,Styles P,36
Jadakiss,Swizz Beatz,4
Jadakiss,The LOX,2
Jadakiss,Trae,2
Jadakiss,Uncle Murda,2
Jadakiss,Wale,2
Jadakiss,Yo Gotti,2
Jay Electronica,Diddy,2
Junior M.A.F.I.A.,The Notorious B.I.G.,4
KRS‐One,The Last Emperor,4
KRS‐One,Zack de la Rocha,4
Kanye West,070 Shake,3
Kanye West,2 Chainz,2
Kanye West,50 Cent,2
Kanye West,6ix9ine,2
Kanye West,A$AP Rocky,2
Kanye West,Adam Levine,2
Kanye West,Ant Clemons,31
Kanye West,Beanie Sigel,2
Kanye West,Big Sean,15
Kanye West,Bon Iver,3
Kanye West,Busta Rhymes,5
Kanye West,Cam’ron,3
Kanye West,Caroline Shaw,3
Kanye West,Charlie Wilson,6
Kanye West,Clipse,4
Kanye West,Common,18
Kanye West,Consequence,22
Kanye West,Cyhi the Prynce,5
Kanye West,Desiigner,6
Kanye West,Drake,3
Kanye West,Dwele,2
Kanye West,Elton John,2
Kanye West,Estelle,2
Kanye West,Fabolous,3
Kanye West,Fonzworth Bentley,2
Kanye West,Frank Ocean,2
Kanye West,Fred Hammond,2
Kanye West,Freeway,4
Kanye West,GLC,8
Kanye West,JAY‐Z,22
Kanye West,Jamie Foxx,6
Kanye West,Jeezy,6
Kanye West,Jeremih,3
Kanye West,Jim Jones,2
Kanye West,John Legend,13
Kanye West,John Mayer,2
Kanye West,Justin Bieber,3
Kanye West,Kendrick Lamar,2
Kanye West,Kenny G,5
Kanye West,Keyshia Cole,3
Kanye West,Kid Cudi,18
Kanye West,Kirk Franklin,2
Kanye West,Lauryn Hill,2
Kanye West,Lil Pump,2
Kanye West,Lil Wayne,9
Kanye West,Little Brother,2
Kanye West,Lloyd Banks,2
Kanye West,Ludacris,5
Kanye West,Lupe Fiasco,7
Kanye West,Malik Yusef,2
Kanye West,Mase,3
Kanye West,Migos,2
Kanye West,Mikkey Halsted,3
Kanye West,Mos Def,13
Kanye West,Mr Hudson,2
Kanye West,Murphy Lee,5
Kanye West,Musiq Soulchild,3
Kanye West,Nas,5
Kanye West,Ne‐Yo,4
Kanye West,Nicki Minaj,3
Kanye West,Offset,4
Kanye West,PARTYNEXTDOOR,2
Kanye West,Pharrell Williams,3
Kanye West,Post Malone,4
Kanye West,Pusha T,15
Kanye West,Quavo,6
Kanye West,Raekwon,3
Kanye West,Really Doe,3
Kanye West,Rhymefest,3
Kanye West,Rick Ross,4
Kanye West,Rihanna,4
Kanye West,Ryan Leslie,3
Kanye West,Styles P,2
Kanye West,Sunday Service Choir,2
Kanye West,Swizz Beatz,6
Kanye West,Syleena Johnson,3
Kanye West,T.I.,2
Kanye West,Talib Kweli,13
Kanye West,Termanology,2
Kanye West,Teyana Taylor,5
Kanye West,The Boys Choir of Harlem,4
Kanye West,The Game,5
Kanye West,The Go Getters,6
Kanye West,The‐Dream,10
Kanye West,Tony Williams,4
Kanye West,Travis Scott,2
Kanye West,Twista,5
Kanye West,Ty Dolla $ign,19
Kanye West,T‐Pain,4
Kanye West,Vado,2
Kanye West,White Boy,3
Kanye West,XXXTENTACION,3
Kanye West,YNW Melly,2
Kanye West,Young Thug,8
Katy Perry,Snoop Dogg,13
Keri Hilson,Kanye West,2
Kid Sister,Kanye West,2
Killah Priest,Killa Sin,2
Ktree,Candy 187,3
Ktree,Snoop Dogg,3
Ktree,Tonez,3
Kurupt,2Pac,2
Kurupt,Adub,2
Kurupt,Baby S,3
Kurupt,Bad Azz,2
Kurupt,Big Gipp,2
Kurupt,Big Tray Deee,5
Kurupt,Butch Cassidy,5
Kurupt,DJ Lethal,3
Kurupt,DJ Quik,3
Kurupt,Dave Hollister,2
Kurupt,Daz Dillinger,30
Kurupt,Dr. Dre,3
Kurupt,Eastwood,5
Kurupt,El Drex,2
Kurupt,Everlast,2
Kurupt,E‐40,3
Kurupt,Fred Durst,2
Kurupt,Gail Gotti,7
Kurupt,Hittman,2
Kurupt,J. Wells,15
Kurupt,Jayo Felony,3
Kurupt,J‐Black,4
Kurupt,KRS‐One,2
Kurupt,KXNG Crooked,2
Kurupt,Kokane,5
Kurupt,L1z,2
Kurupt,LaToiya Williams,2
Kurupt,MC Ren,2
Kurupt,Nate Dogg,9
Kurupt,Natina Reed,4
Kurupt,Problem,4
Kurupt,Roscoe,30
Kurupt,Slip Capone,2
Kurupt,Slow,2
Kurupt,Snoop Dogg,12
Kurupt,Soopafly,6
Kurupt,Suga Free,2
Kurupt,Tekneek,3
Kurupt,Terrace Martin,4
Kurupt,Tha Alkaholiks,2
Kurupt,Too $hort,3
Kurupt,Tri Star,7
Kurupt,Uncle Chucc,3
Kurupt,Val C,2
Kurupt,Warren G,2
Kurupt,Xzibit,5
Kurupt,Y.A.,3
Kurupt,Young Tone,5
Lil Jon,Snoop Dogg,2
Lil Jon & The East Side Boyz,Ice Cube,2
Lil’ Flip,Jay Townsend,4
Lil’ Kim,Diddy,3
Limp Bizkit,Snoop Dogg,4
Linkin Park,JAY‐Z,6
Lloyd Banks,50 Cent,9
Lloyd Banks,Young Buck,2
Mac Shawn,Ice Cube,2
Mac Shawn,Snoop Dogg,2
Mack 10,Tha Dogg Pound,5
Main Source,Akinyele,2
Main Source,Joe Fatal,2
Main Source,Nas,2
Makaveli,Daz Dillinger,27
Makaveli,E.D.I. Mean,2
Makaveli,Kurupt,2
Makaveli,Outlawz,3
Malik Yusef,Common,2
Malik Yusef,Kanye West,2
Mams Taylor,Bobby V.,2
Mams Taylor,Snoop Dogg,2
Mariah Carey,Jadakiss,2
Mariah Carey,Styles P,2
Mary J. Blige,Common,4
Mary J. Blige,Kanye West,2
Mary J. Blige,Nas,2
Mase,Diddy,3
Massive Attack,Mos Def,2
Masta Killa,Ghostface Killah,2
Mathematics,Ghostface Killah,2
Mathematics,Method Man,2
Matoma,The Notorious B.I.G.,2
Memphis Bleek,JAY‐Z,3
Method Man,LL Cool J,2
Method Man,Ol’ Dirty Bastard,2
Method Man,Redman,5
Method Man,Tajai,2
Method Man & Redman,Nefertitti Avani,2
Mike Zoot,Mos Def,2
Missy Elliott,JAY‐Z,8
Mobb Deep,Nas,2
Mobb Deep,Raekwon,2
Morris Day,Snoop Dogg,2
Mos Def,A‐Butta,3
Mos Def,Cassidy,3
Mos Def,Common,3
Mos Def,DJ Honda,2
Mos Def,Diverse,4
Mos Def,Faith Evans,6
Mos Def,Ludacris,2
Mos Def,Mary J. Blige,2
Mos Def,Minnesota,2
Mos Def,Nate Dogg,8
Mos Def,Pharoahe Monch,11
Mos Def,Prefuse 73,4
Mos Def,Q‐Tip,5
Mos Def,Rah Digga,3
Mos Def,Talib Kweli,8
Mos Def,Tash,4
Mos Def,The Creators,2
Mos Def,Vinia Mojica,2
Mr. Cheeks,Diddy,3
Mr. Cheeks,Missy Elliott,3
N-Trigue,Snoop Dogg,2
N.O.R.E.,Angie Martinez,5
N.O.R.E.,Big Pun,5
N.O.R.E.,Capone,6
N.O.R.E.,Jadakiss,5
N.O.R.E.,Musaliny-N-Maze,4
N.W.A,Dr. Dre,2
Nas,50 Cent,2
Nas,AZ,46
Nas,Charlie Wilson,2
Nas,Chrisette Michele,5
Nas,Def Jef,3
Nas,Diddy,2
Nas,Doug E. Fresh,3
Nas,Hit‐Boy,3
Nas,JAY‐Z,30
Nas,Kanye West,3
Nas,Kool G Rap,7
Nas,Large Professor,3
Nas,Lauryn Hill,2
Nas,Ludacris,4
Nas,MF DOOM,2
Nas,Meech Wells,3
Nas,Mobb Deep,2
Nas,N.O.R.E.,3
Nas,Nature,3
Nas,Olu Dara,3
Nas,Quan,2
Nas,RaVaughn,2
Nas,The‐Dream,2
Nas,Wu‐Tang Clan,2
Nashawn,Jungle,3
Nashawn,Nas,5
Nashawn,Ying Yang Twins,2
Nate Dogg,Daz Dillinger,2
Nate Dogg,Kurupt,3
Nate Dogg,Snoop Dogg,5
Nate Dogg,Warren G,7
Nipsey Hussle,2Pac,16
Nipsey Hussle,David Begun,16
Nujabes,The Notorious B.I.G.,4
Omar,Ol’ Dirty Bastard,2
Onyx,Wu‐Tang Clan,4
Pharrell Williams,Charlie Wilson,4
Pharrell Williams,Snoop Dogg,6
Porsche Nine,J Gist,3
Porsche Nine,Jadakiss,13
Problem,Snoop Dogg,2
Puff Daddy & the Family,Dave Grohl,2
Puff Daddy & the Family,Fuzzbubble,2
Puff Daddy & the Family,Lil’ Kim,4
Puff Daddy & the Family,Mase,8
Puff Daddy & the Family,Perfect,2
Puff Daddy & the Family,Rob Zombie,2
Puff Daddy & the Family,The LOX,4
Puff Daddy & the Family,The Notorious B.I.G.,11
R. Kelly,Boo & Gotti,5
R. Kelly,JAY‐Z,18
R. Kelly,Memphis Bleek,2
Raekwon,Ghostface Killah,3
Raekwon,Inspectah Deck,2
Raekwon,Method Man,2
Red Café,Diddy,3
Red Café,Fabolous,4
Redman,Adam F,5
Redman,Biz Markie,2
Redman,DJ Kool,3
Redman,E3,3
Redman,Erick Sermon,4
Redman,George Clinton,2
Redman,Gov Mattic,3
Redman,Hurricane G,3
Redman,Icadon,2
Redman,Icarus,10
Redman,Jamal,2
Redman,Keith Murray,4
Redman,Markie,2
Redman,Melanie Rutherford,5
Redman,Method Man,5
Redman,Missy Elliott,2
Redman,Ready Roc,7
Redman,Rockwilder,2
Redman,Runt Dawg,2
Redman,Saukrates,6
Redman,Scarface,2
Redman,Snoop Dogg,2
Redman,Treach,2
Reflection Eternal,Bahamadia,4
Renegade Soundwave,Redman,3
Rhymefest,Kanye West,2
Robin Thicke,Snoop Dogg,2
Robyn,Snoop Dogg,6
Roxxio,Carolina Márquez,4
Roxxio,Snoop Dogg,4
SWV,Redman,7
Scarface,2Pac,2
Scarface,Johnny P.,2
Scritti Politti,Jimahl,2
Scritti Politti,Lee Majors,3
Scritti Politti,Mos Def,6
Shade Sheist,Kurupt,2
Shade Sheist,Nate Dogg,2
Slum Village,John Legend,4
Slum Village,Kanye West,4
Snoop Dogg,$tupid Young,2
Snoop Dogg,2Pac,4
Snoop Dogg,Azjah,2
Snoop Dogg,B.G.,2
Snoop Dogg,Bad Azz,3
Snoop Dogg,Bee Gees,4
Snoop Dogg,Benny the Butcher,2
Snoop Dogg,Big Tray Deee,7
Snoop Dogg,Black Hef,2
Snoop Dogg,Bootsy Collins,2
Snoop Dogg,Bun B,2
Snoop Dogg,Busta Rhymes,3
Snoop Dogg,Butch Cassidy,5
Snoop Dogg,B‐Real,2
Snoop Dogg,Charlie Wilson,23
Snoop Dogg,Chris Brown,2
Snoop Dogg,Crystal,2
Snoop Dogg,C‐Murder,4
Snoop Dogg,DJ Battlecat,2
Snoop Dogg,DJ Drama,10
Snoop Dogg,DJ Whoo Kid,15
Snoop Dogg,Dave East,2
Snoop Dogg,Daz Dillinger,24
Snoop Dogg,Devin the Dude,3
Snoop Dogg,Don “Magic” Juan,4
Snoop Dogg,Dr. Dre,8
Snoop Dogg,Eastwood,2
Snoop Dogg,E‐White,6
Snoop Dogg,Fiend,3
Snoop Dogg,Glock,2
Snoop Dogg,Goldie Loc,4
Snoop Dogg,HeyDeon,2
Snoop Dogg,Ice Cube,2
Snoop Dogg,JAY‐Z,5
Snoop Dogg,Jadakiss,2
Snoop Dogg,Jane Handcock,4
Snoop Dogg,Jermaine Dupri,2
Snoop Dogg,Jewell,2
Snoop Dogg,Juicy J,3
Snoop Dogg,Justin Timberlake,7
Snoop Dogg,J‐Black,3
Snoop Dogg,K Camp,2
Snoop Dogg,Kokane,21
Snoop Dogg,Kurupt,14
Snoop Dogg,K‐Ci & JoJo,2
Snoop Dogg,K‐Dee,2
Snoop Dogg,L.B.C. Crew,3
Snoop Dogg,LaToiya Williams,3
Snoop Dogg,Larry June,3
Snoop Dogg,Lil 1/2 Dead,3
Snoop Dogg,Lil Duval,2
Snoop Dogg,Lil Jon,2
Snoop Dogg,Mac Minister,2
Snoop Dogg,Magic,2
Snoop Dogg,Master P,6
Snoop Dogg,Menenski,2
Snoop Dogg,Method Man,2
Snoop Dogg,Mia X,2
Snoop Dogg,Mystikal,5
Snoop Dogg,Nate Dogg,11
Snoop Dogg,Nelly,2
Snoop Dogg,Nipsey Hussle,2
Snoop Dogg,October London,14
Snoop Dogg,Pharrell Williams,27
Snoop Dogg,Pooh Bear,2
Snoop Dogg,Prince Ital Joe,2
Snoop Dogg,Problem,2
Snoop Dogg,Prohoezak,4
Snoop Dogg,RBX,5
Snoop Dogg,RJMrLA,2
Snoop Dogg,Raphael Saadiq,3
Snoop Dogg,Rappin’ 4‐Tay,2
Snoop Dogg,Ray J,2
Snoop Dogg,Rick Rock,2
Snoop Dogg,Sanyika Shakur,2
Snoop Dogg,Silkk the Shocker,2
Snoop Dogg,Soopafly,17
Snoop Dogg,Soulja Boy,3
Snoop Dogg,Stressmatic,3
Snoop Dogg,Suga Free,4
Snoop Dogg,Swizz Beatz,5
Snoop Dogg,T.I.,2
Snoop Dogg,Teena Marie,4
Snoop Dogg,Tha Dogg Pound,27
Snoop Dogg,Tha Eastsidaz,12
Snoop Dogg,The Hustle Boyz,2
Snoop Dogg,The Lady of Rage,3
Snoop Dogg,The‐Dream,6
Snoop Dogg,Toddy Tee,2
Snoop Dogg,Too $hort,4
Snoop Dogg,Twinz,2
Snoop Dogg,Typhoon,3
Snoop Dogg,Uncle Chucc,2
Snoop Dogg,Warren G,5
Snoop Dogg,Wiz Khalifa,16
Snoop Dogg,Young Wee,2
Soledad,Akon,2
Soledad,Snoop Dogg,2
Soledad,TWiiNS,2
Soul Supreme,Common,8
Strong Arm Steady,Talib Kweli,2
Styles P,A.P.,2
Styles P,Akon,4
Styles P,Bully,6
Styles P,DJ Green Lantern,15
Styles P,Jadakiss,18
Styles P,J‐Hood,3
Styles P,M.O.P.,3
Styles P,Pharoahe Monch,2
Styles P,Pharrell Williams,2
Styles P,Raw Buck,2
Styles P,Ray J,2
Styles P,S.I.,2
Styles P,Sheek Louch,14
Styles P,Sizzla,2
Styles P,Snype Lyfe,4
Styles P,St. Raw,2
Styles P,Swizz Beatz,3
Styles P,Talib Kweli,2
Styles P,The Alchemist,2
Styles P,Tony T. Roberts,2
Styles P,Tre Williams,5
Styles P,Tyler Woods,3
Suga Free,Snoop Dogg,2
Sy Scott,Erick Sermon,2
Sy Scott,Keith Murray,2
Sy Scott,Redman,2
TERIYAKI BOYZ,Kanye West,2
Tajai,Casual,2
Talib Kweli,Bilal,2
Talib Kweli,Black Thought,2
Talib Kweli,Busta Rhymes,2
Talib Kweli,Common,5
Talib Kweli,Consequence,2
Talib Kweli,Ghostface Killah,2
Talib Kweli,Hi‐Tek,2
Talib Kweli,Jean Grae,10
Talib Kweli,John Legend,2
Talib Kweli,Kanye West,3
Talib Kweli,Kardinal Offishall,2
Talib Kweli,Killer Mike,2
Talib Kweli,Krondon,3
Talib Kweli,Madlib,9
Talib Kweli,Mos Def,9
Talib Kweli,Musiq Soulchild,2
Talib Kweli,Phil da Agony,3
Talib Kweli,Planet Asia,3
Talib Kweli,Rakim,2
Talib Kweli,Res,3
Talib Kweli,Saigon,2
Talib Kweli,Sizzla,2
Talib Kweli,Snoop Dogg,2
Talib Kweli,Strong Arm Steady,3
Talib Kweli,Styles P,3
Talib Kweli,The Game,2
Tangled Thoughts,AK,4
Tangled Thoughts,Kurupt,5
Tangled Thoughts,Roscoe,3
Tha Dogg Pound,Adub,3
Tha Dogg Pound,Bad Azz,2
Tha Dogg Pound,Beanie Sigel,2
Tha Dogg Pound,Butch Cassidy,2
Tha Dogg Pound,Daz Dillinger,10
Tha Dogg Pound,Dom Kennedy,2
Tha Dogg Pound,Hu$tle Boyz,2
Tha Dogg Pound,KXNG Crooked,2
Tha Dogg Pound,Khujo Goodie,2
Tha Dogg Pound,Kokane,3
Tha Dogg Pound,Kurupt,10
Tha Dogg Pound,LaToiya Williams,2
Tha Dogg Pound,Michel’le,2
Tha Dogg Pound,Nate Dogg,10
Tha Dogg Pound,Problem,3
Tha Dogg Pound,RBX,5
Tha Dogg Pound,Roscoe,2
Tha Dogg Pound,Snoop Dogg,32
Tha Dogg Pound,Soopafly,7
Tha Dogg Pound,The Hustle Boyz,2
Tha Dogg Pound,The Lady of Rage,6
Tha Dogg Pound,Xzibit,2
Tha Eastsidaz,Nate Dogg,2
The Creators,Mos Def,2
The Creators,Talib Kweli,2
The Game,50 Cent,6
The High & Mighty,Mos Def,6
The High & Mighty,Skillz,5
The LOX,DMX,5
The LOX,Derez De’Shon,2
The LOX,Drag‐On,2
The LOX,Dyce Payne,4
The LOX,Eve,3
The LOX,Lil’ Kim,3
The LOX,Mobb Deep,2
The Notorious B.I.G.,112,4
The Notorious B.I.G.,2Pac,3
The Notorious B.I.G.,Angela Winbush,2
The Notorious B.I.G.,Craig Mack,2
The Notorious B.I.G.,Crustified Dibbs,2
The Notorious B.I.G.,DMC,2
The Notorious B.I.G.,Diddy,22
The Notorious B.I.G.,Faith Evans,2
The Notorious B.I.G.,JAY‐Z,4
The Notorious B.I.G.,Junior M.A.F.I.A.,3
The Notorious B.I.G.,KRS‐One,2
The Notorious B.I.G.,Lil’ Kim,7
The Notorious B.I.G.,Mase,13
The Notorious B.I.G.,Method Man,3
The Notorious B.I.G.,R. Kelly,3
The Notorious B.I.G.,Sadat X,2
The Notorious B.I.G.,The LOX,2
The Notorious B.I.G.,Too $hort,3
The Notorious B.I.G.,Total,3
The Rapsody,Sissel,6
The Rapsody,Warren G,6
Trapp,2Pac,3
Trapp,Chocolate Chip,4
Trapp,The Notorious B.I.G.,3
Trapp,Trey,3
Tricky,Gravediggaz,2
Trina,Diddy,2
Trina,Keri Hilson,2
Twista,Kanye West,2
Uncle Chucc,The Zion Messengers,2
Utah Jazz,Nate Dogg,2
Utah Jazz,Warren G,2
Warren G,Adina Howard,3
Warren G,Bad Lucc,2
Warren G,Bishop Lamont,8
Warren G,Black Nicc,2
Warren G,Butch Cassidy,3
Warren G,B‐Real,2
Warren G,CPO‐Boss Hog,2
Warren G,Chevy Jones,3
Warren G,Chuck Taylor,2
Warren G,Drag‐On,2
Warren G,El DeBarge,2
Warren G,Frank Lee White,4
Warren G,Halla,4
Warren G,Kurupt,3
Warren G,LaToiya Williams,3
Warren G,Mack 10,3
Warren G,Mike Jones,2
Warren G,Mista Grimm,5
Warren G,Nate Dogg,18
Warren G,Phats Bossi,2
Warren G,RBX,2
Warren G,Reel Tight,3
Warren G,Ronald Isley,4
Warren G,Snoop Dogg,10
Warren G,Xzibit,2
Whitney Houston,Diddy,2
Wu-Tang Killa Bees,Bronze Nazareth,4
Wu-Tang Killa Bees,GZA/Genius,3
Wu-Tang Killa Bees,Ice Water Inc.,4
Wu-Tang Killa Bees,Killah Priest,2
Wu-Tang Killa Bees,M-80,2
Wu-Tang Killa Bees,Method Man,2
Wu-Tang Killa Bees,RZA,3
Wu-Tang Killa Bees,Raekwon,4
Wu-Tang Killa Bees,Son One,2
Wu-Tang Killa Bees,U‐God,3
Wu‐Tang Clan,AZ,2
Wu‐Tang Clan,Cappadonna,6
Wu‐Tang Clan,Dhani Harrison,6
Wu‐Tang Clan,El Michels Affair,17
Wu‐Tang Clan,Erykah Badu,6
Wu‐Tang Clan,Ghostface Killah,6
Wu‐Tang Clan,Inspectah Deck,5
Wu‐Tang Clan,John Frusciante,6
Wu‐Tang Clan,Masta Killa,2
Wu‐Tang Clan,Method Man,2
Wu‐Tang Clan,RZA,16
Wu‐Tang Clan,Raekwon,4
Wu‐Tang Clan,Street Life,3
Wu‐Tang Clan,Tekitha,2
Wu‐Tang Clan,U‐God,2
YK Osiris,Snoop Dogg,2
Young Buck,50 Cent,3
Young Buck,Lloyd Banks,2
Young Buck,Prodigy,2
Young Sagg,Snoop Dogg,3
Z‐Ro,Cl’Che,2
Z‐Ro,Daz Dillinger,14
Z‐Ro,Thug Dirt,2
benny blanco,BTS,2
benny blanco,Snoop Dogg,2
Тимати,DJ Antoine,8
Тимати,Diddy,8
Тимати,Dirty Money,8
